year_1,year_2,nhgisnam_1,nhgisst_1,nhgiscty_1,icpsrst_1,icpsrcty_1,icpsrnam_1,statenam_1,gisjoin_1,nhgisnam_2,nhgisst_2,nhgiscty_2,icpsrst_2,icpsrcty_2,icpsrnam_2,statenam_2,gisjoin_2,area_1,area_2,area_intersection,weight_value,weight_count
1800,1800,Lunenburg,510,1110,40,1110,LUNENBURG,Virginia,G5101110,Lunenburg,510,1110,40,1110,LUNENBURG,Virginia,G5101110,1119857463.21123,1119857463.21123,1119857463.21123,1,1
1800,1800,Southampton,510,1750,40,1750,SOUTHAMPTON,Virginia,G5101750,Southampton,510,1750,40,1750,SOUTHAMPTON,Virginia,G5101750,1581847265.02049,1581847265.02049,1581847265.02049,1,1
1800,1800,Woodford,210,2390,51,2390,WOODFORD,Kentucky,G2102390,Woodford,210,2390,51,2390,WOODFORD,Kentucky,G2102390,497231851.20341,497231851.20341,497231851.20341,1,1
1800,1800,Fluvanna,510,0650,40,650,FLUVANNA,Virginia,G5100650,Fluvanna,510,0650,40,650,FLUVANNA,Virginia,G5100650,751629422.037362,751629422.037362,751629422.037362,1,1
1800,1800,Isle Of Wight,510,0930,40,930,ISLE OF WIGHT,Virginia,G5100930,Isle Of Wight,510,0930,40,930,ISLE OF WIGHT,Virginia,G5100930,830480871.53418,830480871.53418,830480871.53418,1,1
1800,1800,Orangeburg,450,0750,48,750,ORANGEBURG,South Carolina,G4500750,Orangeburg,450,0750,48,750,ORANGEBURG,South Carolina,G4500750,6671713204.95025,6671713204.95025,6671713204.95025,1,1
1800,1800,Richmond,510,1590,40,8010,RICHMOND-WESTMORE,Virginia,G5101590,Richmond,510,1590,40,8010,RICHMOND-WESTMORE,Virginia,G5101590,1112355123.72876,1112355123.72876,1112355123.72876,1,1
1800,1800,Richmond,360,0850,13,850,RICHMOND,New York,G3600850,Richmond,360,0850,13,850,RICHMOND,New York,G3600850,152308395.516217,152308395.516217,152308395.516217,1,1
1800,1800,Washington,470,1790,54,1790,WASHINGTON,Tennessee,G4701790,Washington,470,1790,54,1790,WASHINGTON,Tennessee,G4701790,1226080554.76248,1226080554.76248,1226080554.76248,1,1
1800,1800,Essex,340,0130,12,130,ESSEX,New Jersey,G3400130,Essex,340,0130,12,130,ESSEX,New Jersey,G3400130,670800584.805543,670800584.805543,670800584.805543,1,1
1800,1800,St Clair,185,0155,,,,Indiana Territory,G1850155,St Clair,185,0155,,,,Indiana Territory,G1850155,22742096129.3728,22742096129.3728,22742096129.3728,1,1
1800,1800,Bladen,370,0170,47,170,BLADEN,North Carolina,G3700170,Bladen,370,0170,47,170,BLADEN,North Carolina,G3700170,3642545312.97147,3642545312.97147,3642545312.97147,1,1
1800,1800,Orange,500,0170,6,170,ORANGE,Vermont,G5000170,Orange,500,0170,6,170,ORANGE,Vermont,G5000170,2185707833.0318,2185707833.0318,2185707833.0318,1,1
1800,1800,Rowan,370,1590,47,1590,ROWAN,North Carolina,G3701590,Rowan,370,1590,47,1590,ROWAN,North Carolina,G3701590,3572822637.04362,3572822637.04362,3572822637.04362,1,1
1800,1800,Norfolk City,510,7100,40,7100,NORFOLK CITY,Virginia,G5107100,Norfolk City,510,7100,40,7100,NORFOLK CITY,Virginia,G5107100,14084265.2829273,14084265.2829273,14084265.2829273,1,1
1800,1800,Garrard,210,0790,51,790,GARRARD,Kentucky,G2100790,Garrard,210,0790,51,790,GARRARD,Kentucky,G2100790,509219787.370759,509219787.370759,509219787.370759,1,1
1800,1800,Montgomery,360,0570,13,570,MONTGOMERY,New York,G3600570,Montgomery,360,0570,13,570,MONTGOMERY,New York,G3600570,12226462836.4893,12226462836.4893,12226462836.4893,1,1
1800,1800,Dinwiddie,510,0530,40,530,DINWIDDIE,Virginia,G5100530,Dinwiddie,510,0530,40,530,DINWIDDIE,Virginia,G5100530,1330024980.00734,1330024980.00734,1330024980.00734,1,1
1800,1800,Surry,510,1810,40,1810,SURRY,Virginia,G5101810,Surry,510,1810,40,1810,SURRY,Virginia,G5101810,729321140.48558,729321140.48558,729321140.48558,1,1
1800,1800,Chester,450,0230,48,230,CHESTER,South Carolina,G4500230,Chester,450,0230,48,230,CHESTER,South Carolina,G4500230,1518160608.54578,1518160608.54578,1518160608.54578,1,1
1800,1800,Chesterfield,510,0410,40,410,CHESTERFIELD,Virginia,G5100410,Chesterfield,510,0410,40,410,CHESTERFIELD,Virginia,G5100410,1250566303.8595,1250566303.8595,1250566303.8595,1,1
1800,1800,Anne Arundel,240,0030,52,30,ANNE ARUNDEL,Maryland,G2400030,Anne Arundel,240,0030,52,30,ANNE ARUNDEL,Maryland,G2400030,1755501132.37384,1755501132.37384,1755501132.37384,1,1
1800,1800,Amherst,510,0090,40,90,AMHERST,Virginia,G5100090,Amherst,510,0090,40,90,AMHERST,Virginia,G5100090,2468483006.34175,2468483006.34175,2468483006.34175,1,1
1800,1800,Grainger,470,0570,54,570,GRAINGER,Tennessee,G4700570,Grainger,470,0570,54,570,GRAINGER,Tennessee,G4700570,2722516066.06037,2722516066.06037,2722516066.06037,1,1
1800,1800,Somerset,420,1110,14,1110,SOMERSET,Pennsylvania,G4201110,Somerset,420,1110,14,1110,SOMERSET,Pennsylvania,G4201110,3892343415.35368,3892343415.35368,3892343415.35368,1,1
1800,1800,Montgomery,420,0910,14,910,MONTGOMERY,Pennsylvania,G4200910,Montgomery,420,0910,14,910,MONTGOMERY,Pennsylvania,G4200910,1262498795.63357,1262498795.63357,1262498795.63357,1,1
1800,1800,Fairfield,090,0010,1,10,FAIRFIELD,Connecticut,G0900010,Fairfield,090,0010,1,10,FAIRFIELD,Connecticut,G0900010,1673889466.31139,1673889466.31139,1673889466.31139,1,1
1800,1800,Franklin,130,1190,44,1190,FRANKLIN,Georgia,G1301190,Franklin,130,1190,44,1190,FRANKLIN,Georgia,G1301190,1990953165.42904,1990953165.42904,1990953165.42904,1,1
1800,1800,King And Queen,510,0970,40,970,KING AND QUEEN,Virginia,G5100970,King And Queen,510,0970,40,970,KING AND QUEEN,Virginia,G5100970,829598768.545693,829598768.545693,829598768.545693,1,1
1800,1800,Blount,470,0090,54,90,BLOUNT,Tennessee,G4700090,Blount,470,0090,54,90,BLOUNT,Tennessee,G4700090,1245809908.66847,1245809908.66847,1245809908.66847,1,1
1800,1800,Bristol,440,0010,5,10,BRISTOL,Rhode Island,G4400010,Bristol,440,0010,5,10,BRISTOL,Rhode Island,G4400010,66751932.3352411,66751932.3352411,66751932.3352411,1,1
1800,1800,Ulster,360,1110,13,1110,ULSTER,New York,G3601110,Ulster,360,1110,13,1110,ULSTER,New York,G3601110,5595385559.44427,5595385559.44427,5595385559.44427,1,1
1800,1800,Botetourt,510,0230,40,230,BOTETOURT,Virginia,G5100230,Botetourt,510,0230,40,230,BOTETOURT,Virginia,G5100230,3660633098.80053,3660633098.80053,3660633098.80053,1,1
1800,1800,Patrick,510,1410,40,1410,PATRICK,Virginia,G5101410,Patrick,510,1410,40,1410,PATRICK,Virginia,G5101410,1557338528.68336,1557338528.68336,1557338528.68336,1,1
1800,1800,Westmoreland,420,1290,14,1290,WESTMORELAND,Pennsylvania,G4201290,Westmoreland,420,1290,14,1290,WESTMORELAND,Pennsylvania,G4201290,4236164956.23708,4236164956.23708,4236164956.23708,1,1
1800,1800,Culpeper,510,0470,40,470,CULPEPER,Virginia,G5100470,Culpeper,510,0470,40,470,CULPEPER,Virginia,G5100470,1681180821.93949,1681180821.93949,1681180821.93949,1,1
1800,1800,Washington,250,0255,2,290,WASHINGTON,Massachusetts,G2500255,Washington,250,0255,2,290,WASHINGTON,Massachusetts,G2500255,10338730969.0398,10338730969.0398,10338730969.0398,1,1
1800,1800,Campbell,210,0370,51,370,CAMPBELL,Kentucky,G2100370,Campbell,210,0370,51,370,CAMPBELL,Kentucky,G2100370,842837034.34819,842837034.34819,842837034.34819,1,1
1800,1800,Muhlenberg,210,1770,51,1770,MUHLENBERG,Kentucky,G2101770,Muhlenberg,210,1770,51,1770,MUHLENBERG,Kentucky,G2101770,1494413070.32847,1494413070.32847,1494413070.32847,1,1
1800,1800,King George,510,0990,40,990,KING GEORGE,Virginia,G5100990,King George,510,0990,40,990,KING GEORGE,Virginia,G5100990,477588273.733056,477588273.733056,477588273.733056,1,1
1800,1800,Butler,420,0190,14,190,BUTLER,Pennsylvania,G4200190,Butler,420,0190,14,190,BUTLER,Pennsylvania,G4200190,2058483958.57549,2058483958.57549,2058483958.57549,1,1
1800,1800,Halifax,370,0830,47,830,HALIFAX,North Carolina,G3700830,Halifax,370,0830,47,830,HALIFAX,North Carolina,G3700830,1894185847.75328,1894185847.75328,1894185847.75328,1,1
1800,1800,Carteret,370,0310,47,310,CARTERET,North Carolina,G3700310,Carteret,370,0310,47,310,CARTERET,North Carolina,G3700310,1211361519.19842,1211361519.19842,1211361519.19842,1,1
1800,1800,Nottoway,510,1350,40,1350,NOTTOWAY,Virginia,G5101350,Nottoway,510,1350,40,1350,NOTTOWAY,Virginia,G5101350,818704240.790853,818704240.790853,818704240.790853,1,1
1800,1800,Montgomery,510,1210,40,1210,MONTGOMERY,Virginia,G5101210,Montgomery,510,1210,40,1210,MONTGOMERY,Virginia,G5101210,6826017317.25487,6826017317.25487,6826017317.25487,1,1
1800,1800,Clinton,360,0190,13,8010,CLINTON-ESSEX,New York,G3600190,Clinton,360,0190,13,8010,CLINTON-ESSEX,New York,G3600190,10306624009.9681,10306624009.9681,10306624009.9681,1,1
1800,1800,Henry,210,1030,51,1030,HENRY,Kentucky,G2101030,Henry,210,1030,51,1030,HENRY,Kentucky,G2101030,1167774665.55193,1167774665.55193,1167774665.55193,1,1
1800,1800,Addison,500,0010,6,10,ADDISON,Vermont,G5000010,Addison,500,0010,6,10,ADDISON,Vermont,G5000010,2050940733.67427,2050940733.67427,2050940733.67427,1,1
1800,1800,James City,510,0950,40,950,JAMES CITY,Virginia,G5100950,James City,510,0950,40,950,JAMES CITY,Virginia,G5100950,403535919.158546,403535919.158546,403535919.158546,1,1
1800,1800,Craven,370,0490,47,490,CRAVEN,North Carolina,G3700490,Craven,370,0490,47,490,CRAVEN,North Carolina,G3700490,2814327261.57748,2814327261.57748,2814327261.57748,1,1
1800,1800,Rutherford,370,1610,47,1610,RUTHERFORD,North Carolina,G3701610,Rutherford,370,1610,47,1610,RUTHERFORD,North Carolina,G3701610,2947009135.07466,2947009135.07466,2947009135.07466,1,1
1800,1800,Cape May,340,0090,12,90,CAPE MAY,New Jersey,G3400090,Cape May,340,0090,12,90,CAPE MAY,New Jersey,G3400090,623631471.018458,623631471.018458,623631471.018458,1,1
1800,1800,Westchester,360,1190,13,1190,WESTCHESTER,New York,G3601190,Westchester,360,1190,13,1190,WESTCHESTER,New York,G3601190,1276805099.02918,1276805099.02918,1276805099.02918,1,1
1800,1800,Fairfax,510,0590,40,590,FAIRFAX,Virginia,G5100590,Fairfax,510,0590,40,590,FAIRFAX,Virginia,G5100590,1075076525.58105,1075076525.58105,1075076525.58105,1,1
1800,1800,Providence,440,0070,5,70,PROVIDENCE,Rhode Island,G4400070,Providence,440,0070,5,70,PROVIDENCE,Rhode Island,G4400070,1063932337.05815,1063932337.05815,1063932337.05815,1,1
1800,1800,Gallatin,210,0770,51,770,GALLATIN,Kentucky,G2100770,Gallatin,210,0770,51,770,GALLATIN,Kentucky,G2100770,1099819802.91106,1099819802.91106,1099819802.91106,1,1
1800,1800,Mecklenburg,510,1170,40,1170,MECKLENBURG,Virginia,G5101170,Mecklenburg,510,1170,40,1170,MECKLENBURG,Virginia,G5101170,1759359140.99797,1759359140.99797,1759359140.99797,1,1
1800,1800,Surry,370,1710,47,1710,SURRY,North Carolina,G3701710,Surry,370,1710,47,1710,SURRY,North Carolina,G3701710,2312081115.30287,2312081115.30287,2312081115.30287,1,1
1800,1800,Hertford,370,0910,47,910,HERTFORD,North Carolina,G3700910,Hertford,370,0910,47,910,HERTFORD,North Carolina,G3700910,927917897.759552,927917897.759552,927917897.759552,1,1
1800,1800,Brunswick,510,0250,40,250,BRUNSWICK,Virginia,G5100250,Brunswick,510,0250,40,250,BRUNSWICK,Virginia,G5100250,1474672369.66719,1474672369.66719,1474672369.66719,1,1
1800,1800,Jackson,130,1570,44,1510,JACKSON,Georgia,G1301570,Jackson,130,1570,44,1510,JACKSON,Georgia,G1301570,2272834001.69634,2272834001.69634,2272834001.69634,1,1
1800,1800,Northampton,420,0950,14,950,NORTHAMPTON,Pennsylvania,G4200950,Northampton,420,0950,14,950,NORTHAMPTON,Pennsylvania,G4200950,4227734573.4746,4227734573.4746,4227734573.4746,1,1
1800,1800,Mason,210,1610,51,1610,MASON,Kentucky,G2101610,Mason,210,1610,51,1610,MASON,Kentucky,G2101610,5251180297.72986,5251180297.72986,5251180297.72986,1,1
1800,1800,New Kent,510,1270,40,1270,NEW KENT,Virginia,G5101270,New Kent,510,1270,40,1270,NEW KENT,Virginia,G5101270,567619458.023103,567619458.023103,567619458.023103,1,1
1800,1800,Erie,420,0490,14,490,ERIE,Pennsylvania,G4200490,Erie,420,0490,14,490,ERIE,Pennsylvania,G4200490,2082480045.13504,2082480045.13504,2082480045.13504,1,1
1800,1800,Kershaw,450,0550,48,550,KERSHAW,South Carolina,G4500550,Kershaw,450,0550,48,550,KERSHAW,South Carolina,G4500550,2163159643.78516,2163159643.78516,2163159643.78516,1,1
1800,1800,Queen Annes,240,0350,52,330,QUEEN ANNES,Maryland,G2400350,Queen Annes,240,0350,52,330,QUEEN ANNES,Maryland,G2400350,977359136.695962,977359136.695962,977359136.695962,1,1
1800,1800,Greene,370,0790,47,790,GREENE,North Carolina,G3700790,Greene,370,0790,47,790,GREENE,North Carolina,G3700790,709753531.826556,709753531.826556,709753531.826556,1,1
1800,1800,Lancaster,450,0570,48,570,LANCASTER,South Carolina,G4500570,Lancaster,450,0570,48,570,LANCASTER,South Carolina,G4500570,1324035150.7872,1324035150.7872,1324035150.7872,1,1
1800,1800,Lincoln,130,1810,44,1810,LINCOLN,Georgia,G1301810,Lincoln,130,1810,44,1810,LINCOLN,Georgia,G1301810,674611538.412486,674611538.412486,674611538.412486,1,1
1800,1800,Bracken,210,0230,51,230,BRACKEN,Kentucky,G2100230,Bracken,210,0230,51,230,BRACKEN,Kentucky,G2100230,594534223.015667,594534223.015667,594534223.015667,1,1
1800,1800,Smith,470,1590,54,1590,SMITH,Tennessee,G4701590,Smith,470,1590,54,1590,SMITH,Tennessee,G4701590,4486586754.50246,4486586754.50246,4486586754.50246,1,1
1800,1800,New London,090,0110,1,110,NEW LONDON,Connecticut,G0900110,New London,090,0110,1,110,NEW LONDON,Connecticut,G0900110,1557319128.09996,1557319128.09996,1557319128.09996,1,1
1800,1800,Colleton,450,0290,48,290,COLLETON,South Carolina,G4500290,Colleton,450,0290,48,290,COLLETON,South Carolina,G4500290,4787400048.86443,4787400048.86443,4787400048.86443,1,1
1800,1800,York,450,0910,48,910,YORK,South Carolina,G4500910,York,450,0910,48,910,YORK,South Carolina,G4500910,2024438003.59333,2024438003.59333,2024438003.59333,1,1
1800,1800,Washington,385,0195,24,1670,WASHINGTON,Northwest Territory,G3850195,Washington,385,0195,24,1670,WASHINGTON,Northwest Territory,G3850195,22077789511.7333,22077789511.7333,22077789511.7333,1,1
1800,1800,Orleans,500,0190,6,190,ORLEANS,Vermont,G5000190,Orleans,500,0190,6,190,ORLEANS,Vermont,G5000190,2302680229.21627,2302680229.21627,2302680229.21627,1,1
1800,1800,Delaware,420,0450,14,450,DELAWARE,Pennsylvania,G4200450,Delaware,420,0450,14,450,DELAWARE,Pennsylvania,G4200450,480148235.143638,480148235.143638,480148235.143638,1,1
1800,1800,Pasquotank,370,1390,47,1390,PASQUOTANK,North Carolina,G3701390,Pasquotank,370,1390,47,1390,PASQUOTANK,North Carolina,G3701390,589907613.887677,589907613.887677,589907613.887677,1,1
1800,1800,Dauphin,420,0430,14,430,DAUPHIN,Pennsylvania,G4200430,Dauphin,420,0430,14,430,DAUPHIN,Pennsylvania,G4200430,2298651365.92819,2298651365.92819,2298651365.92819,1,1
1800,1800,Breckinridge,210,0270,51,270,BRECKINRIDGE,Kentucky,G2100270,Breckinridge,210,0270,51,270,BRECKINRIDGE,Kentucky,G2100270,2047885839.99568,2047885839.99568,2047885839.99568,1,1
1800,1800,Bullitt,210,0290,51,290,BULLITT,Kentucky,G2100290,Bullitt,210,0290,51,290,BULLITT,Kentucky,G2100290,736465935.294391,736465935.294391,736465935.294391,1,1
1800,1800,Nantucket,250,0190,3,190,NANTUCKET,Massachusetts,G2500190,Nantucket,250,0190,3,190,NANTUCKET,Massachusetts,G2500190,128521985.680905,128521985.680905,128521985.680905,1,1
1800,1800,Burke,130,0330,44,330,BURKE,Georgia,G1300330,Burke,130,0330,44,330,BURKE,Georgia,G1300330,2556741783.14192,2556741783.14192,2556741783.14192,1,1
1800,1800,Washington,360,1150,13,1150,WASHINGTON,New York,G3601150,Washington,360,1150,13,1150,WASHINGTON,New York,G3601150,4609917850.94357,4609917850.94357,4609917850.94357,1,1
1800,1800,Unorganized (No Data),450,0875,,,Unorganized (No Data),South Carolina,G4500875,Unorganized (No Data),450,0875,,,Unorganized (No Data),South Carolina,G4500875,231965700.125446,231965700.125446,231965700.125446,1,1
1800,1800,Greene,420,0590,14,590,GREENE,Pennsylvania,G4200590,Greene,420,0590,14,590,GREENE,Pennsylvania,G4200590,1496875432.55274,1496875432.55274,1496875432.55274,1,1
1800,1800,Middlesex,250,0170,3,170,MIDDLESEX,Massachusetts,G2500170,Middlesex,250,0170,3,170,MIDDLESEX,Massachusetts,G2500170,2222115482.32839,2222115482.32839,2222115482.32839,1,1
1800,1800,Salem,340,0330,12,330,SALEM,New Jersey,G3400330,Salem,340,0330,12,330,SALEM,New Jersey,G3400330,902475628.327232,902475628.327232,902475628.327232,1,1
1800,1800,Effingham,130,1030,44,1030,EFFINGHAM,Georgia,G1301030,Effingham,130,1030,44,1030,EFFINGHAM,Georgia,G1301030,1250511427.10649,1250511427.10649,1250511427.10649,1,1
1800,1800,Louisa,510,1090,40,1090,LOUISA,Virginia,G5101090,Louisa,510,1090,40,1090,LOUISA,Virginia,G5101090,1322938907.6353,1322938907.6353,1322938907.6353,1,1
1800,1800,Middlesex,510,1190,40,1190,MIDDLESEX,Virginia,G5101190,Middlesex,510,1190,40,1190,MIDDLESEX,Virginia,G5101190,344304245.997164,344304245.997164,344304245.997164,1,1
1800,1800,Sullivan,470,1630,54,1630,SULLIVAN,Tennessee,G4701630,Sullivan,470,1630,54,1630,SULLIVAN,Tennessee,G4701630,1114855551.60653,1114855551.60653,1114855551.60653,1,1
1800,1800,Chatham,370,0370,47,370,CHATHAM,North Carolina,G3700370,Chatham,370,0370,47,370,CHATHAM,North Carolina,G3700370,2158850649.96734,2158850649.96734,2158850649.96734,1,1
1800,1800,Columbia,360,0210,13,210,COLUMBIA,New York,G3600210,Columbia,360,0210,13,210,COLUMBIA,New York,G3600210,1679000139.91489,1679000139.91489,1679000139.91489,1,1
1800,1800,Duplin,370,0610,47,610,DUPLIN,North Carolina,G3700610,Duplin,370,0610,47,610,DUPLIN,North Carolina,G3700610,2018936088.01844,2018936088.01844,2018936088.01844,1,1
1800,1800,Bourbon,210,0170,51,170,BOURBON,Kentucky,G2100170,Bourbon,210,0170,51,170,BOURBON,Kentucky,G2100170,808364515.946176,808364515.946176,808364515.946176,1,1
1800,1800,Sussex,340,0370,12,370,SUSSEX,New Jersey,G3400370,Sussex,340,0370,12,370,SUSSEX,New Jersey,G3400370,2327724270.21468,2327724270.21468,2327724270.21468,1,1
1800,1800,Christian,210,0470,51,470,CHRISTIAN,Kentucky,G2100470,Christian,210,0470,51,470,CHRISTIAN,Kentucky,G2100470,3797906625.53362,3797906625.53362,3797906625.53362,1,1
1800,1800,Robeson,370,1550,47,1550,ROBESON,North Carolina,G3701550,Robeson,370,1550,47,1550,ROBESON,North Carolina,G3701550,2829165775.68079,2829165775.68079,2829165775.68079,1,1
1800,1800,Guilford,370,0810,47,810,GUILFORD,North Carolina,G3700810,Guilford,370,0810,47,810,GUILFORD,North Carolina,G3700810,1703451611.30655,1703451611.30655,1703451611.30655,1,1
1800,1800,Worcester,240,0470,52,450,WORCESTER,Maryland,G2400470,Worcester,240,0470,52,450,WORCESTER,Maryland,G2400470,1658847249.9562,1658847249.9562,1658847249.9562,1,1
1800,1800,Bucks,420,0170,14,170,BUCKS,Pennsylvania,G4200170,Bucks,420,0170,14,170,BUCKS,Pennsylvania,G4200170,1601379277.08401,1601379277.08401,1601379277.08401,1,1
1800,1800,Camden,130,0390,44,390,CAMDEN,Georgia,G1300390,Camden,130,0390,44,390,CAMDEN,Georgia,G1300390,2105710203.05383,2105710203.05383,2105710203.05383,1,1
1800,1800,Bristol,250,0050,3,50,BRISTOL,Massachusetts,G2500050,Bristol,250,0050,3,50,BRISTOL,Massachusetts,G2500050,1506544944.36951,1506544944.36951,1506544944.36951,1,1
1800,1800,Beaufort,370,0130,47,130,BEAUFORT,North Carolina,G3700130,Beaufort,370,0130,47,130,BEAUFORT,North Carolina,G3700130,2036394596.41212,2036394596.41212,2036394596.41212,1,1
1800,1800,Knox,470,0930,54,930,KNOX,Tennessee,G4700930,Knox,470,0930,54,930,KNOX,Tennessee,G4700930,2781399946.87069,2781399946.87069,2781399946.87069,1,1
1800,1800,Lancaster,420,0710,14,710,LANCASTER,Pennsylvania,G4200710,Lancaster,420,0710,14,710,LANCASTER,Pennsylvania,G4200710,2630295993.75178,2630295993.75178,2630295993.75178,1,1
1800,1800,Bennington,500,0030,6,30,BENNINGTON,Vermont,G5000030,Bennington,500,0030,6,30,BENNINGTON,Vermont,G5000030,1756611622.67057,1756611622.67057,1756611622.67057,1,1
1800,1800,Edgecombe,370,0650,47,650,EDGECOMBE,North Carolina,G3700650,Edgecombe,370,0650,47,650,EDGECOMBE,North Carolina,G3700650,1788023690.47679,1788023690.47679,1788023690.47679,1,1
1800,1800,Sussex,100,0050,11,50,SUSSEX,Delaware,G1000050,Sussex,100,0050,11,50,SUSSEX,Delaware,G1000050,2461099202.74702,2461099202.74702,2461099202.74702,1,1
1800,1800,Lancaster,510,1030,40,1030,LANCASTER,Virginia,G5101030,Lancaster,510,1030,40,1030,LANCASTER,Virginia,G5101030,353681512.756722,353681512.756722,353681512.756722,1,1
1800,1800,Union,450,0870,48,870,UNION,South Carolina,G4500870,Union,450,0870,48,870,UNION,South Carolina,G4500870,1631483932.88093,1631483932.88093,1631483932.88093,1,1
1800,1800,Ross,385,0115,24,1410,ROSS,Northwest Territory,G3850115,Ross,385,0115,24,1410,ROSS,Northwest Territory,G3850115,17091793967.7411,17091793967.7411,17091793967.7411,1,1
1800,1800,Onondaga,360,0670,13,670,ONONDAGA,New York,G3600670,Onondaga,360,0670,13,670,ONONDAGA,New York,G3600670,3724177277.64782,3724177277.64782,3724177277.64782,1,1
1800,1800,Nansemond,510,1230,40,1230,NANSEMOND,Virginia,G5101230,Nansemond,510,1230,40,1230,NANSEMOND,Virginia,G5101230,1061697125.85738,1061697125.85738,1061697125.85738,1,1
1800,1800,Northumberland,420,0970,14,970,NORTHUMBERLAND,Pennsylvania,G4200970,Northumberland,420,0970,14,970,NORTHUMBERLAND,Pennsylvania,G4200970,5560050303.93141,5560050303.93141,5560050303.93141,1,1
1800,1800,Sumter,450,0850,48,850,SUMTER,South Carolina,G4500850,Sumter,450,0850,48,850,SUMTER,South Carolina,G4500850,4483852950.02086,4483852950.02086,4483852950.02086,1,1
1800,1800,Darlington,450,0310,48,310,DARLINGTON,South Carolina,G4500310,Darlington,450,0310,48,310,DARLINGTON,South Carolina,G4500310,2206835203.00088,2206835203.00088,2206835203.00088,1,1
1800,1800,Jessamine,210,1130,51,1130,JESSAMINE,Kentucky,G2101130,Jessamine,210,1130,51,1130,JESSAMINE,Kentucky,G2101130,451832240.335617,451832240.335617,451832240.335617,1,1
1800,1800,Suffolk,250,0250,3,250,SUFFOLK,Massachusetts,G2500250,Suffolk,250,0250,3,250,SUFFOLK,Massachusetts,G2500250,119307100.548644,119307100.548644,119307100.548644,1,1
1800,1800,Ohio,510,1355,40,1355,OHIO,Virginia,G5101355,Ohio,510,1355,40,1355,OHIO,Virginia,G5101355,3518201992.18019,3518201992.18019,3518201992.18019,1,1
1800,1800,Orange,370,1350,47,1350,ORANGE,North Carolina,G3701350,Orange,370,1350,47,1350,ORANGE,North Carolina,G3701350,2581694014.22021,2581694014.22021,2581694014.22021,1,1
1800,1800,Barren,210,0090,51,90,BARREN,Kentucky,G2100090,Barren,210,0090,51,90,BARREN,Kentucky,G2100090,2942253965.21321,2942253965.21321,2942253965.21321,1,1
1800,1800,Pitt,370,1470,47,1470,PITT,North Carolina,G3701470,Pitt,370,1470,47,1470,PITT,North Carolina,G3701470,1641737449.22233,1641737449.22233,1641737449.22233,1,1
1800,1800,Goochland,510,0750,40,750,GOOCHLAND,Virginia,G5100750,Goochland,510,0750,40,750,GOOCHLAND,Virginia,G5100750,751062298.239734,751062298.239734,751062298.239734,1,1
1800,1800,Trumbull,385,0175,24,1550,TRUMBULL,Northwest Territory,G3850175,Trumbull,385,0175,24,1550,TRUMBULL,Northwest Territory,G3850175,13803168714.7827,13803168714.7827,13803168714.7827,1,1
1800,1800,Stokes,370,1690,47,1690,STOKES,North Carolina,G3701690,Stokes,370,1690,47,1690,STOKES,North Carolina,G3701690,2156195173.67199,2156195173.67199,2156195173.67199,1,1
1800,1800,Hancock,130,1410,44,1410,HANCOCK,Georgia,G1301410,Hancock,130,1410,44,1410,HANCOCK,Georgia,G1301410,1490949260.96255,1490949260.96255,1490949260.96255,1,1
1800,1800,Nash,370,1270,47,1270,NASH,North Carolina,G3701270,Nash,370,1270,47,1270,NASH,North Carolina,G3701270,1620436973.34353,1620436973.34353,1620436973.34353,1,1
1800,1800,Scott,210,2090,51,2090,SCOTT,Kentucky,G2102090,Scott,210,2090,51,2090,SCOTT,Kentucky,G2102090,891935785.535066,891935785.535066,891935785.535066,1,1
1800,1800,Washington,510,1910,40,1910,WASHINGTON,Virginia,G5101910,Washington,510,1910,40,1910,WASHINGTON,Virginia,G5101910,2387235505.38366,2387235505.38366,2387235505.38366,1,1
1800,1800,Anson,370,0070,47,70,ANSON,North Carolina,G3700070,Anson,370,0070,47,70,ANSON,North Carolina,G3700070,2138698859.82135,2138698859.82135,2138698859.82135,1,1
1800,1800,Beaufort,450,0130,48,130,BEAUFORT,South Carolina,G4500130,Beaufort,450,0130,48,130,BEAUFORT,South Carolina,G4500130,4895580860.87037,4895580860.87037,4895580860.87037,1,1
1800,1800,Jefferson,210,1110,51,1110,JEFFERSON,Kentucky,G2101110,Jefferson,210,1110,51,1110,JEFFERSON,Kentucky,G2101110,1444573051.97032,1444573051.97032,1444573051.97032,1,1
1800,1800,Wilson,470,1890,54,1890,WILSON,Tennessee,G4701890,Wilson,470,1890,54,1890,WILSON,Tennessee,G4701890,3859843288.38068,3859843288.38068,3859843288.38068,1,1
1800,1800,Greenville,450,0450,48,450,GREENVILLE,South Carolina,G4500450,Greenville,450,0450,48,450,GREENVILLE,South Carolina,G4500450,2058973770.40132,2058973770.40132,2058973770.40132,1,1
1800,1800,Green,210,0870,51,870,GREEN,Kentucky,G2100870,Green,210,0870,51,870,GREEN,Kentucky,G2100870,3428166170.47974,3428166170.47974,3428166170.47974,1,1
1800,1800,Rensselaer,360,0830,13,830,RENSSELAER,New York,G3600830,Rensselaer,360,0830,13,830,RENSSELAER,New York,G3600830,1717060578.33491,1717060578.33491,1717060578.33491,1,1
1800,1800,Tolland,090,0130,1,130,TOLLAND,Connecticut,G0900130,Tolland,090,0130,1,130,TOLLAND,Connecticut,G0900130,893103845.358563,893103845.358563,893103845.358563,1,1
1800,1800,Richmond,130,2450,44,2450,RICHMOND,Georgia,G1302450,Richmond,130,2450,44,2450,RICHMOND,Georgia,G1302450,850697063.780858,850697063.780858,850697063.780858,1,1
1800,1800,Matthews,510,1150,40,1150,MATHEWS,Virginia,G5101150,Matthews,510,1150,40,1150,MATHEWS,Virginia,G5101150,228340026.287429,228340026.287429,228340026.287429,1,1
1800,1800,Northampton,370,1310,47,1310,NORTHAMPTON,North Carolina,G3701310,Northampton,370,1310,47,1310,NORTHAMPTON,North Carolina,G3701310,1426082164.89493,1426082164.89493,1426082164.89493,1,1
1800,1800,Camden,370,0290,47,290,CAMDEN,North Carolina,G3700290,Camden,370,0290,47,290,CAMDEN,North Carolina,G3700290,626569727.768836,626569727.768836,626569727.768836,1,1
1800,1800,Pittsylvania,510,1430,40,1430,PITTSYLVANIA,Virginia,G5101430,Pittsylvania,510,1430,40,1430,PITTSYLVANIA,Virginia,G5101430,2647271193.23026,2647271193.23026,2647271193.23026,1,1
1800,1800,Lincoln,250,0157,2,150,LINCOLN,Massachusetts,G2500157,Lincoln,250,0157,2,150,LINCOLN,Massachusetts,G2500157,3122866761.38205,3122866761.38205,3122866761.38205,1,1
1800,1800,Harrison,510,0857,40,865,HARRISON,Virginia,G5100857,Harrison,510,0857,40,865,HARRISON,Virginia,G5100857,5851131606.8524,5851131606.8524,5851131606.8524,1,1
1800,1800,Franklin,210,0730,51,730,FRANKLIN,Kentucky,G2100730,Franklin,210,0730,51,730,FRANKLIN,Kentucky,G2100730,1111295591.95174,1111295591.95174,1111295591.95174,1,1
1800,1800,Pendleton,450,0755,48,755,PENDLETON,South Carolina,G4500755,Pendleton,450,0755,48,755,PENDLETON,South Carolina,G4500755,4800111468.24192,4800111468.24192,4800111468.24192,1,1
1800,1800,Person,370,1450,47,1450,PERSON,North Carolina,G3701450,Person,370,1450,47,1450,PERSON,North Carolina,G3701450,1046595314.48417,1046595314.48417,1046595314.48417,1,1
1800,1800,Steuben,360,1010,13,1010,STEUBEN,New York,G3601010,Steuben,360,1010,13,1010,STEUBEN,New York,G3601010,5991151967.95863,5991151967.95863,5991151967.95863,1,1
1800,1800,Petersburg City,510,7300,40,7300,PETERSBURG,Virginia,G5107300,Petersburg City,510,7300,40,7300,PETERSBURG,Virginia,G5107300,9563802.42475696,9563802.42475696,9563802.42475696,1,1
1800,1800,Prince William,510,1530,40,1530,PRINCE WILLIAM,Virginia,G5101530,Prince William,510,1530,40,1530,PRINCE WILLIAM,Virginia,G5101530,917125584.859127,917125584.859127,917125584.859127,1,1
1800,1800,Montgomery,370,1230,47,1230,MONTGOMERY,North Carolina,G3701230,Montgomery,370,1230,47,1230,MONTGOMERY,North Carolina,G3701230,2346259569.90076,2346259569.90076,2346259569.90076,1,1
1800,1800,Princess Anne,510,1510,40,1510,PRINCESS ANNE,Virginia,G5101510,Princess Anne,510,1510,40,1510,PRINCESS ANNE,Virginia,G5101510,700784736.989895,700784736.989895,700784736.989895,1,1
1800,1800,Caledonia,500,0050,6,50,CALEDONIA,Vermont,G5000050,Caledonia,500,0050,6,50,CALEDONIA,Vermont,G5000050,2200114636.04233,2200114636.04233,2200114636.04233,1,1
1800,1800,New Haven,090,0090,1,90,NEW HAVEN,Connecticut,G0900090,New Haven,090,0090,1,90,NEW HAVEN,Connecticut,G0900090,1494380916.74722,1494380916.74722,1494380916.74722,1,1
1800,1800,Fairfield,450,0390,48,390,FAIRFIELD,South Carolina,G4500390,Fairfield,450,0390,48,390,FAIRFIELD,South Carolina,G4500390,1952757018.14039,1952757018.14039,1952757018.14039,1,1
1800,1800,York,510,1990,40,1990,YORK,Virginia,G5101990,York,510,1990,40,1990,YORK,Virginia,G5101990,326658165.1124,326658165.1124,326658165.1124,1,1
1800,1800,Newberry,450,0710,48,710,NEWBERRY,South Carolina,G4500710,Newberry,450,0710,48,710,NEWBERRY,South Carolina,G4500710,1593313024.31174,1593313024.31174,1593313024.31174,1,1
1800,1800,Franklin,500,0110,6,110,FRANKLIN,Vermont,G5000110,Franklin,500,0110,6,110,FRANKLIN,Vermont,G5000110,2581791829.88416,2581791829.88416,2581791829.88416,1,1
1800,1800,Randolph,510,1557,40,1567,RANDOLPH,Virginia,G5101557,Randolph,510,1557,40,1567,RANDOLPH,Virginia,G5101557,7063390404.19057,7063390404.19057,7063390404.19057,1,1
1800,1800,Sampson,370,1630,47,1630,SAMPSON,North Carolina,G3701630,Sampson,370,1630,47,1630,SAMPSON,North Carolina,G3701630,2242029498.61361,2242029498.61361,2242029498.61361,1,1
1800,1800,Campbell,510,0310,40,310,CAMPBELL,Virginia,G5100310,Campbell,510,0310,40,310,CAMPBELL,Virginia,G5100310,1710036513.01803,1710036513.01803,1710036513.01803,1,1
1800,1800,Lycoming,420,0810,14,810,LYCOMING,Pennsylvania,G4200810,Lycoming,420,0810,14,810,LYCOMING,Pennsylvania,G4200810,22047340579.3294,22047340579.3294,22047340579.3294,1,1
1800,1800,Burke,370,0230,47,230,BURKE,North Carolina,G3700230,Burke,370,0230,47,230,BURKE,North Carolina,G3700230,4939574425.07031,4939574425.07031,4939574425.07031,1,1
1800,1800,Brunswick,370,0190,47,190,BRUNSWICK,North Carolina,G3700190,Brunswick,370,0190,47,190,BRUNSWICK,North Carolina,G3700190,3443869288.30825,3443869288.30825,3443869288.30825,1,1
1800,1800,Ohio,210,1830,51,1830,OHIO,Kentucky,G2101830,Ohio,210,1830,51,1830,OHIO,Kentucky,G2101830,4600050690.09948,4600050690.09948,4600050690.09948,1,1
1800,1800,Hardin,210,0930,51,930,HARDIN,Kentucky,G2100930,Hardin,210,0930,51,930,HARDIN,Kentucky,G2100930,4891210986.66956,4891210986.66956,4891210986.66956,1,1
1800,1800,Warren,370,1850,47,1850,WARREN,North Carolina,G3701850,Warren,370,1850,47,1850,WARREN,North Carolina,G3701850,1356197248.63392,1356197248.63392,1356197248.63392,1,1
1800,1800,Knox,210,1210,51,1210,KNOX,Kentucky,G2101210,Knox,210,1210,51,1210,KNOX,Kentucky,G2101210,5676779090.47605,5676779090.47605,5676779090.47605,1,1
1800,1800,Elbert,130,1050,44,1050,ELBERT,Georgia,G1301050,Elbert,130,1050,44,1050,ELBERT,Georgia,G1301050,1572404466.91246,1572404466.91246,1572404466.91246,1,1
1800,1800,Greene,130,1330,44,1330,GREENE,Georgia,G1301330,Greene,130,1330,44,1330,GREENE,Georgia,G1301330,1178338325.44977,1178338325.44977,1178338325.44977,1,1
1800,1800,Hillsborough,330,0110,4,110,HILLSBOROUGH,New Hampshire,G3300110,Hillsborough,330,0110,4,110,HILLSBOROUGH,New Hampshire,G3300110,3515670611.77087,3515670611.77087,3515670611.77087,1,1
1800,1800,Fayette,420,0510,14,510,FAYETTE,Pennsylvania,G4200510,Fayette,420,0510,14,510,FAYETTE,Pennsylvania,G4200510,2066812707.5207,2066812707.5207,2066812707.5207,1,1
1800,1800,Dukes,250,0070,3,70,DUKES,Massachusetts,G2500070,Dukes,250,0070,3,70,DUKES,Massachusetts,G2500070,288953611.8443,288953611.8443,288953611.8443,1,1
1800,1800,New Castle,100,0030,11,30,NEW CASTLE,Delaware,G1000030,New Castle,100,0030,11,30,NEW CASTLE,Delaware,G1000030,1144705776.61249,1144705776.61249,1144705776.61249,1,1
1800,1800,Wayne,420,1270,14,1270,WAYNE,Pennsylvania,G4201270,Wayne,420,1270,14,1270,WAYNE,Pennsylvania,G4201270,4045634843.11564,4045634843.11564,4045634843.11564,1,1
1800,1800,Greene,360,0390,13,390,GREENE,New York,G3600390,Greene,360,0390,13,390,GREENE,New York,G3600390,1729488626.45092,1729488626.45092,1729488626.45092,1,1
1800,1800,Washington,110,0015,,,Washington,District of Columbia,G1100015,Washington,110,0015,,,Washington,District of Columbia,G1100015,242052711.137742,242052711.137742,242052711.137742,1,1
1800,1800,Madison,210,1510,51,1510,MADISON,Kentucky,G2101510,Madison,210,1510,51,1510,MADISON,Kentucky,G2101510,6860095688.93562,6860095688.93562,6860095688.93562,1,1
1800,1800,Tioga,360,1070,13,1070,TIOGA,New York,G3601070,Tioga,360,1070,13,1070,TIOGA,New York,G3601070,4983225047.99233,4983225047.99233,4983225047.99233,1,1
1800,1800,Washington,370,1870,47,1870,WASHINGTON,North Carolina,G3701870,Washington,370,1870,47,1870,WASHINGTON,North Carolina,G3701870,717412859.279176,717412859.279176,717412859.279176,1,1
1800,1800,Oneida,360,0650,13,650,ONEIDA,New York,G3600650,Oneida,360,0650,13,650,ONEIDA,New York,G3600650,14361851927.2062,14361851927.2062,14361851927.2062,1,1
1800,1800,Jefferson,470,0890,54,900,JEFFERSON-COCKE,Tennessee,G4700890,Jefferson,470,0890,54,900,JEFFERSON-COCKE,Tennessee,G4700890,2289454541.26931,2289454541.26931,2289454541.26931,1,1
1800,1800,Charles City,510,0360,40,360,CHARLES CITY,Virginia,G5100360,Charles City,510,0360,40,360,CHARLES CITY,Virginia,G5100360,509216333.677038,509216333.677038,509216333.677038,1,1
1800,1800,Queens,360,0810,13,810,QUEENS,New York,G3600810,Queens,360,0810,13,810,QUEENS,New York,G3600810,1041509711.47034,1041509711.47034,1041509711.47034,1,1
1800,1800,Tazewell,510,1850,40,1850,TAZEWELL,Virginia,G5101850,Tazewell,510,1850,40,1850,TAZEWELL,Virginia,G5101850,6021106601.77294,6021106601.77294,6021106601.77294,1,1
1800,1800,York,250,0275,2,310,YORK,Massachusetts,G2500275,York,250,0275,2,310,YORK,Massachusetts,G2500275,6883460912.79675,6883460912.79675,6883460912.79675,1,1
1800,1800,Nicholas,210,1810,51,1810,NICHOLAS,Kentucky,G2101810,Nicholas,210,1810,51,1810,NICHOLAS,Kentucky,G2101810,717252004.348553,717252004.348553,717252004.348553,1,1
1800,1800,Prince Georges,240,0330,52,310,PRINCE GEORGES,Maryland,G2400330,Prince Georges,240,0330,52,310,PRINCE GEORGES,Maryland,G2400330,1266876964.52846,1266876964.52846,1266876964.52846,1,1
1800,1800,Hawkins,470,0730,54,730,HAWKINS,Tennessee,G4700730,Hawkins,470,0730,54,730,HAWKINS,Tennessee,G4700730,1920790430.11687,1920790430.11687,1920790430.11687,1,1
1800,1800,Essex,500,0090,6,90,ESSEX,Vermont,G5000090,Essex,500,0090,6,90,ESSEX,Vermont,G5000090,1914582124.25589,1914582124.25589,1914582124.25589,1,1
1800,1800,Currituck,370,0530,47,530,CURRITUCK,North Carolina,G3700530,Currituck,370,0530,47,530,CURRITUCK,North Carolina,G3700530,928194956.002241,928194956.002241,928194956.002241,1,1
1800,1800,Glynn,130,1270,44,1270,GLYNN,Georgia,G1301270,Glynn,130,1270,44,1270,GLYNN,Georgia,G1301270,1711318380.42724,1711318380.42724,1711318380.42724,1,1
1800,1800,Williamson,470,1870,54,1870,WILLIAMSON,Tennessee,G4701870,Williamson,470,1870,54,1870,WILLIAMSON,Tennessee,G4701870,1208940026.54256,1208940026.54256,1208940026.54256,1,1
1800,1800,Barnwell,450,0110,48,110,BARNWELL,South Carolina,G4500110,Barnwell,450,0110,48,110,BARNWELL,South Carolina,G4500110,4564696138.8856,4564696138.8856,4564696138.8856,1,1
1800,1800,Rutland,500,0210,6,210,RUTLAND,Vermont,G5000210,Rutland,500,0210,6,210,RUTLAND,Vermont,G5000210,2642326582.46029,2642326582.46029,2642326582.46029,1,1
1800,1800,Franklin,510,0670,40,670,FRANKLIN,Virginia,G5100670,Franklin,510,0670,40,670,FRANKLIN,Virginia,G5100670,1817399649.56718,1817399649.56718,1817399649.56718,1,1
1800,1800,Kent,440,0030,5,30,KENT,Rhode Island,G4400030,Kent,440,0030,5,30,KENT,Rhode Island,G4400030,452125645.216588,452125645.216588,452125645.216588,1,1
1800,1800,Granville,370,0770,47,770,GRANVILLE,North Carolina,G3700770,Granville,370,0770,47,770,GRANVILLE,North Carolina,G3700770,1942457933.09871,1942457933.09871,1942457933.09871,1,1
1800,1800,Amelia,510,0070,40,70,AMELIA,Virginia,G5100070,Amelia,510,0070,40,70,AMELIA,Virginia,G5100070,928624009.631112,928624009.631112,928624009.631112,1,1
1800,1800,Indian Lands,370,0955,,,Indian Lands,North Carolina,G3700955,Indian Lands,370,0955,,,Indian Lands,North Carolina,G3700955,6774402009.98943,6774402009.98943,6774402009.98943,1,1
1800,1800,Bergen,340,0030,12,30,BERGEN,New Jersey,G3400030,Bergen,340,0030,12,30,BERGEN,New Jersey,G3400030,1186294740.77179,1186294740.77179,1186294740.77179,1,1
1800,1800,Harrison,210,0970,51,970,HARRISON,Kentucky,G2100970,Harrison,210,0970,51,970,HARRISON,Kentucky,G2100970,809137259.458558,809137259.458558,809137259.458558,1,1
1800,1800,Washington,210,2290,51,2290,WASHINGTON,Kentucky,G2102290,Washington,210,2290,51,2290,WASHINGTON,Kentucky,G2102290,1855303477.37732,1855303477.37732,1855303477.37732,1,1
1800,1800,Kings,360,0470,13,470,KINGS,New York,G3600470,Kings,360,0470,13,470,KINGS,New York,G3600470,179497245.620607,179497245.620607,179497245.620607,1,1
1800,1800,Cayuga,360,0110,13,110,CAYUGA,New York,G3600110,Cayuga,360,0110,13,110,CAYUGA,New York,G3600110,4754913638.89372,4754913638.89372,4754913638.89372,1,1
1800,1800,Cumberland,420,0410,14,410,CUMBERLAND,Pennsylvania,G4200410,Cumberland,420,0410,14,410,CUMBERLAND,Pennsylvania,G4200410,2866876209.1563,2866876209.1563,2866876209.1563,1,1
1800,1800,Jones,370,1030,47,1030,JONES,North Carolina,G3701030,Jones,370,1030,47,1030,JONES,North Carolina,G3701030,1234143768.59982,1234143768.59982,1234143768.59982,1,1
1800,1800,Chatham,130,0510,44,510,CHATHAM,Georgia,G1300510,Chatham,130,0510,44,510,CHATHAM,Georgia,G1300510,1088401432.67479,1088401432.67479,1088401432.67479,1,1
1800,1800,Burlington,340,0050,12,50,BURLINGTON,New Jersey,G3400050,Burlington,340,0050,12,50,BURLINGTON,New Jersey,G3400050,2348529606.98832,2348529606.98832,2348529606.98832,1,1
1800,1800,New Hanover,370,1290,47,1290,NEW HANOVER,North Carolina,G3701290,New Hanover,370,1290,47,1290,NEW HANOVER,North Carolina,G3701290,3036159157.31923,3036159157.31923,3036159157.31923,1,1
1800,1800,Calvert,240,0090,52,70,CALVERT,Maryland,G2400090,Calvert,240,0090,52,70,CALVERT,Maryland,G2400090,565138384.588144,565138384.588144,565138384.588144,1,1
1800,1800,Barnstable,250,0010,3,10,BARNSTABLE,Massachusetts,G2500010,Barnstable,250,0010,3,10,BARNSTABLE,Massachusetts,G2500010,1087060716.26913,1087060716.26913,1087060716.26913,1,1
1800,1800,Monroe (W.Va.),510,1197,40,1205,MONROE,Virginia,G5101197,Monroe (W.Va.),510,1197,40,1205,MONROE,Virginia,G5101197,1514974020.65108,1514974020.65108,1514974020.65108,1,1
1800,1800,Buncombe,370,0210,47,210,BUNCOMBE,North Carolina,G3700210,Buncombe,370,0210,47,210,BUNCOMBE,North Carolina,G3700210,6522043675.15149,6522043675.15149,6522043675.15149,1,1
1800,1800,Lincoln,210,1370,51,1370,LINCOLN,Kentucky,G2101370,Lincoln,210,1370,51,1370,LINCOLN,Kentucky,G2101370,2685955105.80162,2685955105.80162,2685955105.80162,1,1
1800,1800,Windsor,500,0270,6,270,WINDSOR,Vermont,G5000270,Windsor,500,0270,6,270,WINDSOR,Vermont,G5000270,2478558065.20134,2478558065.20134,2478558065.20134,1,1
1800,1800,Crawford,420,0390,14,390,CRAWFORD,Pennsylvania,G4200390,Crawford,420,0390,14,390,CRAWFORD,Pennsylvania,G4200390,2663018562.85622,2663018562.85622,2663018562.85622,1,1
1800,1800,Cumberland,370,0510,47,510,CUMBERLAND,North Carolina,G3700510,Cumberland,370,0510,47,510,CUMBERLAND,North Carolina,G3700510,3891404423.98057,3891404423.98057,3891404423.98057,1,1
1800,1800,Allegany,240,0010,52,10,ALLEGANY,Maryland,G2400010,Allegany,240,0010,52,10,ALLEGANY,Maryland,G2400010,2811984958.86387,2811984958.86387,2811984958.86387,1,1
1800,1800,Prince Edward,510,1470,40,1470,PRINCE EDWARD,Virginia,G5101470,Prince Edward,510,1470,40,1470,PRINCE EDWARD,Virginia,G5101470,1039210623.36487,1039210623.36487,1039210623.36487,1,1
1800,1800,Onslow,370,1330,47,1330,ONSLOW,North Carolina,G3701330,Onslow,370,1330,47,1330,ONSLOW,North Carolina,G3701330,1993173331.88838,1993173331.88838,1993173331.88838,1,1
1800,1800,Jefferson,130,1630,44,1630,JEFFERSON,Georgia,G1301630,Jefferson,130,1630,44,1630,JEFFERSON,Georgia,G1301630,1348961640.23799,1348961640.23799,1348961640.23799,1,1
1800,1800,Talbot,240,0410,52,390,TALBOT,Maryland,G2400410,Talbot,240,0410,52,390,TALBOT,Maryland,G2400410,712531686.240996,712531686.240996,712531686.240996,1,1
1800,1800,Monongalia,510,1193,40,1195,MONONGALIA,Virginia,G5101193,Monongalia,510,1193,40,1195,MONONGALIA,Virginia,G5101193,3175065757.24813,3175065757.24813,3175065757.24813,1,1
1800,1800,Cecil,240,0150,52,130,CECIL,Maryland,G2400150,Cecil,240,0150,52,130,CECIL,Maryland,G2400150,929932180.275859,929932180.275859,929932180.275859,1,1
1800,1800,Indian Lands (No Population),470,0855,,,Indian Lands (No Population),Tennessee,G4700855,Indian Lands (No Population),470,0855,,,Indian Lands (No Population),Tennessee,G4700855,72335468810.2163,72335468810.2163,72335468810.2163,1,1
1800,1800,Chester,420,0290,14,290,CHESTER,Pennsylvania,G4200290,Chester,420,0290,14,290,CHESTER,Pennsylvania,G4200290,1967886858.22398,1967886858.22398,1967886858.22398,1,1
1800,1800,Berkshire,250,0030,3,30,BERKSHIRE,Massachusetts,G2500030,Berkshire,250,0030,3,30,BERKSHIRE,Massachusetts,G2500030,2495971708.06345,2495971708.06345,2495971708.06345,1,1
1800,1800,King William,510,1010,40,1010,KING WILLIAM,Virginia,G5101010,King William,510,1010,40,1010,KING WILLIAM,Virginia,G5101010,737083381.007927,737083381.007927,737083381.007927,1,1
1800,1800,Dorchester,240,0190,52,170,DORCHESTER,Maryland,G2400190,Dorchester,240,0190,52,170,DORCHESTER,Maryland,G2400190,1511943196.35819,1511943196.35819,1511943196.35819,1,1
1800,1800,Baltimore,240,0050,52,50,BALTIMORE,Maryland,G2400050,Baltimore,240,0050,52,50,BALTIMORE,Maryland,G2400050,2302696521.35543,2302696521.35543,2302696521.35543,1,1
1800,1800,Buckingham,510,0290,40,290,BUCKINGHAM,Virginia,G5100290,Buckingham,510,0290,40,290,BUCKINGHAM,Virginia,G5100290,1885593138.79601,1885593138.79601,1885593138.79601,1,1
1800,1800,Laurens,450,0590,48,590,LAURENS,South Carolina,G4500590,Laurens,450,0590,48,590,LAURENS,South Carolina,G4500590,1875116636.60739,1875116636.60739,1875116636.60739,1,1
1800,1800,Suffolk,360,1030,13,1030,SUFFOLK,New York,G3601030,Suffolk,360,1030,13,1030,SUFFOLK,New York,G3601030,2416189172.24299,2416189172.24299,2416189172.24299,1,1
1800,1800,Indian Lands,130,1535,,,Indian Lands,Georgia,G1301535,Indian Lands,130,1535,,,Indian Lands,Georgia,G1301535,258007915221.488,258007915221.488,258007915221.488,1,1
1800,1800,Carter,470,0190,54,190,CARTER,Tennessee,G4700190,Carter,470,0190,54,190,CARTER,Tennessee,G4700190,1835319553.53532,1835319553.53532,1835319553.53532,1,1
1800,1800,Indian Lands,285,0097,,,,Mississippi Territory,G2850097,Indian Lands,285,0097,,,,Mississippi Territory,G2850097,78695931016.643,78695931016.643,78695931016.643,1,1
1800,1800,Madison,510,1130,40,1130,MADISON,Virginia,G5101130,Madison,510,1130,40,1130,MADISON,Virginia,G5101130,833417836.275059,833417836.275059,833417836.275059,1,1
1800,1800,Beaver,420,0070,14,70,BEAVER,Pennsylvania,G4200070,Beaver,420,0070,14,70,BEAVER,Pennsylvania,G4200070,1636379492.3806,1636379492.3806,1636379492.3806,1,1
1800,1800,Unorganized,185,0315,,,,Indiana Territory,G1850315,Unorganized,185,0315,,,,Indiana Territory,G1850315,365637392255.945,365637392255.945,365637392255.945,1,1
1800,1800,Adams,420,0010,14,10,ADAMS,Pennsylvania,G4200010,Adams,420,0010,14,10,ADAMS,Pennsylvania,G4200010,1350727896.99316,1350727896.99316,1350727896.99316,1,1
1800,1800,Schoharie,360,0950,13,950,SCHOHARIE,New York,G3600950,Schoharie,360,0950,13,950,SCHOHARIE,New York,G3600950,1590055521.59568,1590055521.59568,1590055521.59568,1,1
1800,1800,Hampshire,250,0150,3,150,HAMPSHIRE,Massachusetts,G2500150,Hampshire,250,0150,3,150,HAMPSHIRE,Massachusetts,G2500150,4930698597.08691,4930698597.08691,4930698597.08691,1,1
1800,1800,Powhatan,510,1450,40,1450,POWHATAN,Virginia,G5101450,Powhatan,510,1450,40,1450,POWHATAN,Virginia,G5101450,671921984.570428,671921984.570428,671921984.570428,1,1
1800,1800,Montgomery,470,1250,54,1250,MONTGOMERY,Tennessee,G4701250,Montgomery,470,1250,54,1250,MONTGOMERY,Tennessee,G4701250,2252126792.35128,2252126792.35128,2252126792.35128,1,1
1800,1800,Mecklenburg,370,1190,47,1190,MECKLENBURG,North Carolina,G3701190,Mecklenburg,370,1190,47,1190,MECKLENBURG,North Carolina,G3701190,2331798713.5838,2331798713.5838,2331798713.5838,1,1
1800,1800,Windham,090,0150,1,150,WINDHAM,Connecticut,G0900150,Windham,090,0150,1,150,WINDHAM,Connecticut,G0900150,1790216082.13068,1790216082.13068,1790216082.13068,1,1
1800,1800,Hunterdon,340,0190,12,190,HUNTERDON,New Jersey,G3400190,Hunterdon,340,0190,12,190,HUNTERDON,New Jersey,G3400190,1405560916.28543,1405560916.28543,1405560916.28543,1,1
1800,1800,Fleming,210,0690,51,690,FLEMING,Kentucky,G2100690,Fleming,210,0690,51,690,FLEMING,Kentucky,G2100690,1330240516.46957,1330240516.46957,1330240516.46957,1,1
1800,1800,Middlesex,340,0230,12,230,MIDDLESEX,New Jersey,G3400230,Middlesex,340,0230,12,230,MIDDLESEX,New Jersey,G3400230,981530284.893336,981530284.893336,981530284.893336,1,1
1800,1800,Accomack,510,0010,40,10,ACCOMACK,Virginia,G5100010,Accomack,510,0010,40,10,ACCOMACK,Virginia,G5100010,1198951623.29965,1198951623.29965,1198951623.29965,1,1
1800,1800,Liberty,130,1790,44,1790,LIBERTY,Georgia,G1301790,Liberty,130,1790,44,1790,LIBERTY,Georgia,G1301790,2582482042.9923,2582482042.9923,2582482042.9923,1,1
1800,1800,Elizabeth City,510,0550,40,550,ELIZABETH CITY,Virginia,G5100550,Elizabeth City,510,0550,40,550,ELIZABETH CITY,Virginia,G5100550,136064259.721653,136064259.721653,136064259.721653,1,1
1800,1800,Hyde,370,0950,47,950,HYDE,North Carolina,G3700950,Hyde,370,0950,47,950,HYDE,North Carolina,G3700950,2348573179.13225,2348573179.13225,2348573179.13225,1,1
1800,1800,Orange,510,1370,40,1370,ORANGE,Virginia,G5101370,Orange,510,1370,40,1370,ORANGE,Virginia,G5101370,1295959700.6257,1295959700.6257,1295959700.6257,1,1
1800,1800,Warren,420,1230,14,1230,WARREN,Pennsylvania,G4201230,Warren,420,1230,14,1230,WARREN,Pennsylvania,G4201230,2276810509.39522,2276810509.39522,2276810509.39522,1,1
1800,1800,Rockbridge,510,1630,40,1630,ROCKBRIDGE,Virginia,G5101630,Rockbridge,510,1630,40,1630,ROCKBRIDGE,Virginia,G5101630,1565904920.07823,1565904920.07823,1565904920.07823,1,1
1800,1800,Hardy,510,0853,40,855,HARDY,Virginia,G5100853,Hardy,510,0853,40,855,HARDY,Virginia,G5100853,2754969693.5094,2754969693.5094,2754969693.5094,1,1
1800,1800,Rockingham,510,1650,40,1650,ROCKINGHAM,Virginia,G5101650,Rockingham,510,1650,40,1650,ROCKINGHAM,Virginia,G5101650,2453751478.25208,2453751478.25208,2453751478.25208,1,1
1800,1800,Randolph,185,0135,,,,Indiana Territory,G1850135,Randolph,185,0135,,,,Indiana Territory,G1850135,9428793549.35648,9428793549.35648,9428793549.35648,1,1
1800,1800,Huntingdon,420,0610,14,610,HUNTINGDON,Pennsylvania,G4200610,Huntingdon,420,0610,14,610,HUNTINGDON,Pennsylvania,G4200610,5453869118.96209,5453869118.96209,5453869118.96209,1,1
1800,1800,Nelson,210,1790,51,1790,NELSON,Kentucky,G2101790,Nelson,210,1790,51,1790,NELSON,Kentucky,G2101790,1248739115.3098,1248739115.3098,1248739115.3098,1,1
1800,1800,Warwick,510,1890,40,1875,WARWICK,Virginia,G5101890,Warwick,510,1890,40,1875,WARWICK,Virginia,G5101890,179213075.177629,179213075.177629,179213075.177629,1,1
1800,1800,Washington,285,0195,,,,Mississippi Territory,G2850195,Washington,285,0195,,,,Mississippi Territory,G2850195,3986377618.86971,3986377618.86971,3986377618.86971,1,1
1800,1800,Montgomery,240,0310,52,290,MONTGOMERY,Maryland,G2400310,Montgomery,240,0310,52,290,MONTGOMERY,Maryland,G2400310,1311045720.63835,1311045720.63835,1311045720.63835,1,1
1800,1800,Frederick,240,0210,52,190,FREDERICK,Maryland,G2400210,Frederick,240,0210,52,190,FREDERICK,Maryland,G2400210,2345884808.61314,2345884808.61314,2345884808.61314,1,1
1800,1800,Luzerne,420,0790,14,790,LUZERNE,Pennsylvania,G4200790,Luzerne,420,0790,14,790,LUZERNE,Pennsylvania,G4200790,8928351378.56508,8928351378.56508,8928351378.56508,1,1
1800,1800,Rockland,360,0870,13,870,ROCKLAND,New York,G3600870,Rockland,360,0870,13,870,ROCKLAND,New York,G3600870,463273475.041525,463273475.041525,463273475.041525,1,1
1800,1800,Franklin,420,0550,14,550,FRANKLIN,Pennsylvania,G4200550,Franklin,420,0550,14,550,FRANKLIN,Pennsylvania,G4200550,2001100387.03811,2001100387.03811,2001100387.03811,1,1
1800,1800,New York,360,0610,13,610,NEW YORK,New York,G3600610,New York,360,0610,13,610,NEW YORK,New York,G3600610,59463302.5454156,59463302.5454156,59463302.5454156,1,1
1800,1800,Northampton,510,1310,40,1310,NORTHAMPTON,Virginia,G5101310,Northampton,510,1310,40,1310,NORTHAMPTON,Virginia,G5101310,544482850.497026,544482850.497026,544482850.497026,1,1
1800,1800,Knox,185,0115,,,,Indiana Territory,G1850115,Knox,185,0115,,,,Indiana Territory,G1850115,144594056125.754,144594056125.754,144594056125.754,1,1
1800,1800,Cumberland,340,0110,12,110,CUMBERLAND,New Jersey,G3400110,Cumberland,340,0110,12,110,CUMBERLAND,New Jersey,G3400110,1355212420.76132,1355212420.76132,1355212420.76132,1,1
1800,1800,Fayette,210,0670,51,670,FAYETTE,Kentucky,G2100670,Fayette,210,0670,51,670,FAYETTE,Kentucky,G2100670,739492683.164324,739492683.164324,739492683.164324,1,1
1800,1800,Bedford,510,0190,40,190,BEDFORD,Virginia,G5100190,Bedford,510,0190,40,190,BEDFORD,Virginia,G5100190,2037984666.45296,2037984666.45296,2037984666.45296,1,1
1800,1800,Herkimer,360,0430,13,430,HERKIMER,New York,G3600430,Herkimer,360,0430,13,430,HERKIMER,New York,G3600430,5595618154.94042,5595618154.94042,5595618154.94042,1,1
1800,1800,Columbia,130,0730,44,730,COLUMBIA,Georgia,G1300730,Columbia,130,0730,44,730,COLUMBIA,Georgia,G1300730,1234924413.47887,1234924413.47887,1234924413.47887,1,1
1800,1800,Shenandoah,510,1710,40,1710,SHENANDOAH,Virginia,G5101710,Shenandoah,510,1710,40,1710,SHENANDOAH,Virginia,G5101710,2230089053.35182,2230089053.35182,2230089053.35182,1,1
1800,1800,Chittenden,500,0070,6,70,CHITTENDEN,Vermont,G5000070,Chittenden,500,0070,6,70,CHITTENDEN,Vermont,G5000070,2720005681.83701,2720005681.83701,2720005681.83701,1,1
1800,1800,Orange,360,0710,13,710,ORANGE,New York,G3600710,Orange,360,0710,13,710,ORANGE,New York,G3600710,2171806581.04385,2171806581.04385,2171806581.04385,1,1
1800,1800,Northumberland,510,1330,40,1330,NORTHUMBERLAND,Virginia,G5101330,Northumberland,510,1330,40,1330,NORTHUMBERLAND,Virginia,G5101330,508121917.767918,508121917.767918,508121917.767918,1,1
1800,1800,Montgomery,210,1730,51,1730,MONTGOMERY,Kentucky,G2101730,Montgomery,210,1730,51,1730,MONTGOMERY,Kentucky,G2101730,3021701275.86414,3021701275.86414,3021701275.86414,1,1
1800,1800,Kanawha,510,0957,40,965,KANAWHA,Virginia,G5100957,Kanawha,510,0957,40,965,KANAWHA,Virginia,G5100957,16379003432.672,16379003432.672,16379003432.672,1,1
1800,1800,Hanover,510,0850,40,850,HANOVER,Virginia,G5100850,Hanover,510,0850,40,850,HANOVER,Virginia,G5100850,1227869736.1384,1227869736.1384,1227869736.1384,1,1
1800,1800,Worcester,250,0270,3,270,WORCESTER,Massachusetts,G2500270,Worcester,250,0270,3,270,WORCESTER,Massachusetts,G2500270,4028041486.69619,4028041486.69619,4028041486.69619,1,1
1800,1800,Davidson,470,0370,54,370,DAVIDSON,Tennessee,G4700370,Davidson,470,0370,54,370,DAVIDSON,Tennessee,G4700370,2472367676.48698,2472367676.48698,2472367676.48698,1,1
1800,1800,Bertie,370,0150,47,150,BERTIE,North Carolina,G3700150,Bertie,370,0150,47,150,BERTIE,North Carolina,G3700150,1833032307.5011,1833032307.5011,1833032307.5011,1,1
1800,1800,Warren,130,3010,44,3010,WARREN,Georgia,G1303010,Warren,130,3010,44,3010,WARREN,Georgia,G1303010,1422549243.19105,1422549243.19105,1422549243.19105,1,1
1800,1800,Plymouth,250,0230,3,230,PLYMOUTH,Massachusetts,G2500230,Plymouth,250,0230,3,230,PLYMOUTH,Massachusetts,G2500230,1726883117.10389,1726883117.10389,1726883117.10389,1,1
1800,1800,Richmond City,510,7600,40,7600,RICHMOND CITY,Virginia,G5107600,Richmond City,510,7600,40,7600,RICHMOND CITY,Virginia,G5107600,12367229.7289583,12367229.7289583,12367229.7289583,1,1
1800,1800,Litchfield,090,0050,1,50,LITCHFIELD,Connecticut,G0900050,Litchfield,090,0050,1,50,LITCHFIELD,Connecticut,G0900050,2566856340.26118,2566856340.26118,2566856340.26118,1,1
1800,1800,Abbeville,450,0010,48,10,ABBEVILLE,South Carolina,G4500010,Abbeville,450,0010,48,10,ABBEVILLE,South Carolina,G4500010,2528537573.95929,2528537573.95929,2528537573.95929,1,1
1800,1800,Cheshire,330,0050,4,50,CHESHIRE,New Hampshire,G3300050,Cheshire,330,0050,4,50,CHESHIRE,New Hampshire,G3300050,3328440818.44541,3328440818.44541,3328440818.44541,1,1
1800,1800,Stafford,510,1790,40,1790,STAFFORD,Virginia,G5101790,Stafford,510,1790,40,1790,STAFFORD,Virginia,G5101790,709970985.180405,709970985.180405,709970985.180405,1,1
1800,1800,Essex,250,0090,3,90,ESSEX,Massachusetts,G2500090,Essex,250,0090,3,90,ESSEX,Massachusetts,G2500090,1339813136.33786,1339813136.33786,1339813136.33786,1,1
1800,1800,Wayne,385,0225,24,1690,WAYNE,Northwest Territory,G3850225,Wayne,385,0225,24,1690,WAYNE,Northwest Territory,G3850225,87354588746.7101,87354588746.7101,87354588746.7101,1,1
1800,1800,Strafford,330,0170,4,170,STRAFFORD,New Hampshire,G3300170,Strafford,330,0170,4,170,STRAFFORD,New Hampshire,G3300170,3999569802.53315,3999569802.53315,3999569802.53315,1,1
1800,1800,Screven,130,2510,44,2510,SCREVEN,Georgia,G1302510,Screven,130,2510,44,2510,SCREVEN,Georgia,G1302510,1835184236.43181,1835184236.43181,1835184236.43181,1,1
1800,1800,Livingston,210,1390,51,1390,LIVINGSTON,Kentucky,G2101390,Livingston,210,1390,51,1390,LIVINGSTON,Kentucky,G2101390,10227600066.805,10227600066.805,10227600066.805,1,1
1800,1800,Otsego,360,0770,13,770,OTSEGO,New York,G3600770,Otsego,360,0770,13,770,OTSEGO,New York,G3600770,2644729226.58633,2644729226.58633,2644729226.58633,1,1
1800,1800,Marion,450,0670,48,670,MARION,South Carolina,G4500670,Marion,450,0670,48,670,MARION,South Carolina,G4500670,3169164089.00718,3169164089.00718,3169164089.00718,1,1
1800,1800,Fauquier,510,0610,40,610,FAUQUIER,Virginia,G5100610,Fauquier,510,0610,40,610,FAUQUIER,Virginia,G5100610,1687167645.36515,1687167645.36515,1687167645.36515,1,1
1800,1800,Edgefield,450,0370,48,370,EDGEFIELD,South Carolina,G4500370,Edgefield,450,0370,48,370,EDGEFIELD,South Carolina,G4500370,4278965443.33252,4278965443.33252,4278965443.33252,1,1
1800,1800,Somerset,240,0390,52,350,SOMERSET,Maryland,G2400390,Somerset,240,0390,52,350,SOMERSET,Maryland,G2400390,1431079262.18451,1431079262.18451,1431079262.18451,1,1
1800,1800,Charlotte,510,0370,40,370,CHARLOTTE,Virginia,G5100370,Charlotte,510,0370,40,370,CHARLOTTE,Virginia,G5100370,1311515933.81362,1311515933.81362,1311515933.81362,1,1
1800,1800,Berkeley,510,0195,40,195,BERKELEY,Virginia,G5100195,Berkeley,510,0195,40,195,BERKELEY,Virginia,G5100195,1793942050.84193,1793942050.84193,1793942050.84193,1,1
1800,1800,Oglethorpe,130,2210,44,2210,OGLETHORPE,Georgia,G1302210,Oglethorpe,130,2210,44,2210,OGLETHORPE,Georgia,G1302210,1261236313.07422,1261236313.07422,1261236313.07422,1,1
1800,1800,Morris,340,0270,12,270,MORRIS,New Jersey,G3400270,Morris,340,0270,12,270,MORRIS,New Jersey,G3400270,1246520576.66855,1246520576.66855,1246520576.66855,1,1
1800,1800,Cumberland,210,0570,51,570,CUMBERLAND,Kentucky,G2100570,Cumberland,210,0570,51,570,CUMBERLAND,Kentucky,G2100570,2511655872.66153,2511655872.66153,2511655872.66153,1,1
1800,1800,Spartanburg,450,0830,48,830,SPARTANBURG,South Carolina,G4500830,Spartanburg,450,0830,48,830,SPARTANBURG,South Carolina,G4500830,2632781129.46521,2632781129.46521,2632781129.46521,1,1
1800,1800,Wythe,510,1970,40,1970,WYTHE,Virginia,G5101970,Wythe,510,1970,40,1970,WYTHE,Virginia,G5101970,2725837736.33166,2725837736.33166,2725837736.33166,1,1
1800,1800,Martin,370,1170,47,1170,MARTIN,North Carolina,G3701170,Martin,370,1170,47,1170,MARTIN,North Carolina,G3701170,1184048155.15534,1184048155.15534,1184048155.15534,1,1
1800,1800,Pendleton,210,1910,51,1910,PENDLETON,Kentucky,G2101910,Pendleton,210,1910,51,1910,PENDLETON,Kentucky,G2101910,1467861209.26674,1467861209.26674,1467861209.26674,1,1
1800,1800,Richland,450,0790,48,790,RICHLAND,South Carolina,G4500790,Richland,450,0790,48,790,RICHLAND,South Carolina,G4500790,1654551227.55876,1654551227.55876,1654551227.55876,1,1
1800,1800,Caswell,370,0330,47,330,CASWELL,North Carolina,G3700330,Caswell,370,0330,47,330,CASWELL,North Carolina,G3700330,1109624967.83435,1109624967.83435,1109624967.83435,1,1
1800,1800,Hancock,250,0153,2,90,HANCOCK,Massachusetts,G2500153,Hancock,250,0153,2,90,HANCOCK,Massachusetts,G2500153,32455182974.3764,32455182974.3764,32455182974.3764,1,1
1800,1800,Bulloch,130,0310,44,310,BULLOCH,Georgia,G1300310,Bulloch,130,0310,44,310,BULLOCH,Georgia,G1300310,2207690595.11268,2207690595.11268,2207690595.11268,1,1
1800,1800,Montgomery,130,2090,44,2090,MONTGOMERY,Georgia,G1302090,Montgomery,130,2090,44,2090,MONTGOMERY,Georgia,G1302090,6614999106.51586,6614999106.51586,6614999106.51586,1,1
1800,1800,Charles,240,0170,52,150,CHARLES,Maryland,G2400170,Charles,240,0170,52,150,CHARLES,Maryland,G2400170,1200018503.8148,1200018503.8148,1200018503.8148,1,1
1800,1800,Gloucester,340,0150,12,150,GLOUCESTER,New Jersey,G3400150,Gloucester,340,0150,12,150,GLOUCESTER,New Jersey,G3400150,2917610076.1077,2917610076.1077,2917610076.1077,1,1
1800,1800,Norfolk,510,1290,40,1290,NORFOLK,Virginia,G5101290,Norfolk,510,1290,40,1290,NORFOLK,Virginia,G5101290,1086479294.34973,1086479294.34973,1086479294.34973,1,1
1800,1800,Middlesex,090,0070,1,70,MIDDLESEX,Connecticut,G0900070,Middlesex,090,0070,1,70,MIDDLESEX,Connecticut,G0900070,992406269.325784,992406269.325784,992406269.325784,1,1
1800,1800,Marlboro,450,0690,48,690,MARLBORO,South Carolina,G4500690,Marlboro,450,0690,48,690,MARLBORO,South Carolina,G4500690,1256871236.35712,1256871236.35712,1256871236.35712,1,1
1800,1800,Boone,210,0150,51,150,BOONE,Kentucky,G2100150,Boone,210,0150,51,150,BOONE,Kentucky,G2100150,728932506.733666,728932506.733666,728932506.733666,1,1
1800,1800,Washington,440,0090,5,90,WASHINGTON,Rhode Island,G4400090,Washington,440,0090,5,90,WASHINGTON,Rhode Island,G4400090,882801827.850742,882801827.850742,882801827.850742,1,1
1800,1800,Greenbrier,510,0775,40,775,GREENBRIER,Virginia,G5100775,Greenbrier,510,0775,40,775,GREENBRIER,Virginia,G5100775,5040243571.27981,5040243571.27981,5040243571.27981,1,1
1800,1800,Grayson,510,0770,40,770,GRAYSON,Virginia,G5100770,Grayson,510,0770,40,770,GRAYSON,Virginia,G5100770,2285770964.09255,2285770964.09255,2285770964.09255,1,1
1800,1800,Sussex,510,1830,40,1830,SUSSEX,Virginia,G5101830,Sussex,510,1830,40,1830,SUSSEX,Virginia,G5101830,1292549232.25141,1292549232.25141,1292549232.25141,1,1
1800,1800,Tyrrell,370,1770,47,1770,TYRRELL,North Carolina,G3701770,Tyrrell,370,1770,47,1770,TYRRELL,North Carolina,G3701770,1847696185.27299,1847696185.27299,1847696185.27299,1,1
1800,1800,Gloucester,510,0730,40,730,GLOUCESTER,Virginia,G5100730,Gloucester,510,0730,40,730,GLOUCESTER,Virginia,G5100730,575280878.243214,575280878.243214,575280878.243214,1,1
1800,1800,Mercer,420,0850,14,850,MERCER,Pennsylvania,G4200850,Mercer,420,0850,14,850,MERCER,Pennsylvania,G4200850,2223797498.49729,2223797498.49729,2223797498.49729,1,1
1800,1800,Caroline,510,0330,40,330,CAROLINE,Virginia,G5100330,Caroline,510,0330,40,330,CAROLINE,Virginia,G5100330,1395710281.21232,1395710281.21232,1395710281.21232,1,1
1800,1800,Albany,360,0010,13,10,ALBANY,New York,G3600010,Albany,360,0010,13,10,ALBANY,New York,G3600010,1923908553.0165,1923908553.0165,1923908553.0165,1,1
1800,1800,Bryan,130,0290,44,290,BRYAN,Georgia,G1300290,Bryan,130,0290,44,290,BRYAN,Georgia,G1300290,1269513283.47777,1269513283.47777,1269513283.47777,1,1
1800,1800,Hartford,090,0030,1,30,HARTFORD,Connecticut,G0900030,Hartford,090,0030,1,30,HARTFORD,Connecticut,G0900030,1922173335.75715,1922173335.75715,1922173335.75715,1,1
1800,1800,Wilkes,370,1930,47,1930,WILKES,North Carolina,G3701930,Wilkes,370,1930,47,1930,WILKES,North Carolina,G3701930,2497425951.74713,2497425951.74713,2497425951.74713,1,1
1800,1800,Cumberland,250,0055,2,50,CUMBERLAND,Massachusetts,G2500055,Cumberland,250,0055,2,50,CUMBERLAND,Massachusetts,G2500055,9814998055.86865,9814998055.86865,9814998055.86865,1,1
1800,1800,Rockingham,370,1570,47,1570,ROCKINGHAM,North Carolina,G3701570,Rockingham,370,1570,47,1570,ROCKINGHAM,North Carolina,G3701570,1482342453.86412,1482342453.86412,1482342453.86412,1,1
1800,1800,Mercer,210,1670,51,1670,MERCER,Kentucky,G2101670,Mercer,210,1670,51,1670,MERCER,Kentucky,G2101670,970552852.489769,970552852.489769,970552852.489769,1,1
1800,1800,Chesterfield,450,0250,48,250,CHESTERFIELD,South Carolina,G4500250,Chesterfield,450,0250,48,250,CHESTERFIELD,South Carolina,G4500250,2086971604.01735,2086971604.01735,2086971604.01735,1,1
1800,1800,Bath,510,0170,40,170,BATH,Virginia,G5100170,Bath,510,0170,40,170,BATH,Virginia,G5100170,3391460082.35611,3391460082.35611,3391460082.35611,1,1
1800,1800,Baltimore City,240,5100,52,5100,BALTIMORE CITY,Maryland,G2405100,Baltimore City,240,5100,52,5100,BALTIMORE CITY,Maryland,G2405100,35542022.5520186,35542022.5520186,35542022.5520186,1,1
1800,1800,Ontario,360,0690,13,690,ONTARIO,New York,G3600690,Ontario,360,0690,13,690,ONTARIO,New York,G3600690,21724315372.5847,21724315372.5847,21724315372.5847,1,1
1800,1800,Spotsylvania,510,1770,40,1770,SPOTSYLVANIA,Virginia,G5101770,Spotsylvania,510,1770,40,1770,SPOTSYLVANIA,Virginia,G5101770,1095025655.53452,1095025655.53452,1095025655.53452,1,1
1800,1800,Chenango,360,0170,13,170,CHENANGO,New York,G3600170,Chenango,360,0170,13,170,CHENANGO,New York,G3600170,4081743910.6794,4081743910.6794,4081743910.6794,1,1
1800,1800,Charleston,450,0190,48,190,CHARLESTON,South Carolina,G4500190,Charleston,450,0190,48,190,CHARLESTON,South Carolina,G4500190,5450805096.69625,5450805096.69625,5450805096.69625,1,1
1800,1800,Greensville,510,0810,40,810,GREENSVILLE,Virginia,G5100810,Greensville,510,0810,40,810,GREENSVILLE,Virginia,G5100810,770655266.112838,770655266.112838,770655266.112838,1,1
1800,1800,Sumner,470,1650,54,1650,SUMNER,Tennessee,G4701650,Sumner,470,1650,54,1650,SUMNER,Tennessee,G4701650,1759658558.06624,1759658558.06624,1759658558.06624,1,1
1800,1800,Norfolk,250,0210,3,210,NORFOLK,Massachusetts,G2500210,Norfolk,250,0210,3,210,NORFOLK,Massachusetts,G2500210,1137966854.74273,1137966854.74273,1137966854.74273,1,1
1800,1800,Wilkes,130,3170,44,3170,WILKES,Georgia,G1303170,Wilkes,130,3170,44,3170,WILKES,Georgia,G1303170,1459243498.48802,1459243498.48802,1459243498.48802,1,1
1800,1800,Robertson,470,1470,54,1470,ROBERTSON,Tennessee,G4701470,Robertson,470,1470,54,1470,ROBERTSON,Tennessee,G4701470,2734564959.83188,2734564959.83188,2734564959.83188,1,1
1800,1800,St Marys,240,0370,52,370,ST MARYS,Maryland,G2400370,St Marys,240,0370,52,370,ST MARYS,Maryland,G2400370,950234489.014634,950234489.014634,950234489.014634,1,1
1800,1800,Berks,420,0110,14,110,BERKS,Pennsylvania,G4200110,Berks,420,0110,14,110,BERKS,Pennsylvania,G4200110,3721680463.06271,3721680463.06271,3721680463.06271,1,1
1800,1800,Perquimans,370,1430,47,1430,PERQUIMANS,North Carolina,G3701430,Perquimans,370,1430,47,1430,PERQUIMANS,North Carolina,G3701430,642382356.915303,642382356.915303,642382356.915303,1,1
1800,1800,Cumberland,510,0490,40,490,CUMBERLAND,Virginia,G5100490,Cumberland,510,0490,40,490,CUMBERLAND,Virginia,G5100490,776299022.994046,776299022.994046,776299022.994046,1,1
1800,1800,Rockingham,330,0150,4,150,ROCKINGHAM,New Hampshire,G3300150,Rockingham,330,0150,4,150,ROCKINGHAM,New Hampshire,G3300150,2934233204.5382,2934233204.5382,2934233204.53817,0.999999999999988,0.999999999999988
1800,1800,Ashe,370,0090,47,90,ASHE,North Carolina,G3700090,Ashe,370,0090,47,90,ASHE,North Carolina,G3700090,2515815006.38372,2515815006.38372,2515815006.38372,1,1
1800,1800,Bedford,420,0090,14,90,BEDFORD,Pennsylvania,G4200090,Bedford,420,0090,14,90,BEDFORD,Pennsylvania,G4200090,4073304309.23572,4073304309.23572,4073304309.23572,1,1
1800,1800,Jefferson,385,0055,24,810,JEFFERSON,Northwest Territory,G3850055,Jefferson,385,0055,24,810,JEFFERSON,Northwest Territory,G3850055,6237500540.78036,6237500540.78036,6237500540.78036,1,1
1800,1800,Halifax,510,0830,40,830,HALIFAX,Virginia,G5100830,Halifax,510,0830,40,830,HALIFAX,Virginia,G5100830,2148570547.53736,2148570547.53736,2148570547.53736,1,1
1800,1800,Harford,240,0250,52,230,HARFORD,Maryland,G2400250,Harford,240,0250,52,230,HARFORD,Maryland,G2400250,1156992510.66242,1156992510.66242,1156992510.66242,1,1
1800,1800,Washington,420,1250,14,1250,WASHINGTON,Pennsylvania,G4201250,Washington,420,1250,14,1250,WASHINGTON,Pennsylvania,G4201250,2229833395.09261,2229833395.09261,2229833395.09261,1,1
1800,1800,Loudoun,510,1070,40,1070,LOUDOUN,Virginia,G5101070,Loudoun,510,1070,40,1070,LOUDOUN,Virginia,G5101070,1349644367.23377,1349644367.23377,1349644367.23377,1,1
1800,1800,Pendelton,510,1415,40,1415,PENDLETON,Virginia,G5101415,Pendelton,510,1415,40,1415,PENDLETON,Virginia,G5101415,2766501522.00925,2766501522.00925,2766501522.00925,1,1
1800,1800,Hampshire,510,0833,40,835,HAMPSHIRE,Virginia,G5100833,Hampshire,510,0833,40,835,HAMPSHIRE,Virginia,G5100833,2703713366.97842,2703713366.97842,2703713366.97842,1,1
1800,1800,Wayne,370,1910,47,1910,WAYNE,North Carolina,G3701910,Wayne,370,1910,47,1910,WAYNE,North Carolina,G3701910,1605926026.16114,1605926026.16114,1605926026.16114,1,1
1800,1800,Augusta,510,0150,40,150,AUGUSTA,Virginia,G5100150,Augusta,510,0150,40,150,AUGUSTA,Virginia,G5100150,2605585392.99912,2605585392.99912,2605585392.99912,1,1
1800,1800,Prince George,510,1490,40,1490,PRINCE GEORGE,Virginia,G5101490,Prince George,510,1490,40,1490,PRINCE GEORGE,Virginia,G5101490,786267051.516225,786267051.516225,786267051.516225,1,1
1800,1800,Pickering,285,0155,,,,Mississippi Territory,G2850155,Pickering,285,0155,,,,Mississippi Territory,G2850155,3433125443.48381,3433125443.48381,3433125443.48381,1,1
1800,1800,Randolph,370,1510,47,1510,RANDOLPH,North Carolina,G3701510,Randolph,370,1510,47,1510,RANDOLPH,North Carolina,G3701510,2045921109.28816,2045921109.28816,2045921109.28816,1,1
1800,1800,Allegheny,420,0030,14,30,ALLEGHENY,Pennsylvania,G4200030,Allegheny,420,0030,14,30,ALLEGHENY,Pennsylvania,G4200030,1928785149.31089,1928785149.31089,1928785149.31089,1,1
1800,1800,Lenoir,370,1070,47,1070,LENOIR,North Carolina,G3701070,Lenoir,370,1070,47,1070,LENOIR,North Carolina,G3701070,982280354.219752,982280354.219752,982280354.219752,1,1
1800,1800,Monmouth,340,0250,12,250,MONMOUTH,New Jersey,G3400250,Monmouth,340,0250,12,250,MONMOUTH,New Jersey,G3400250,2801768419.54546,2801768419.54546,2801768419.54546,1,1
1800,1800,Windham,500,0250,6,250,WINDHAM,Vermont,G5000250,Windham,500,0250,6,250,WINDHAM,Vermont,G5000250,2067087801.49977,2067087801.49977,2067087801.49977,1,1
1800,1800,Washington,240,0430,52,410,WASHINGTON,Maryland,G2400430,Washington,240,0430,52,410,WASHINGTON,Maryland,G2400430,1210934437.70159,1210934437.70159,1210934437.70159,1,1
1800,1800,Saratoga,360,0910,13,910,SARATOGA,New York,G3600910,Saratoga,360,0910,13,910,SARATOGA,New York,G3600910,2185178641.82623,2185178641.82623,2185178641.82623,1,1
1800,1800,Wood,510,1953,40,1955,WOOD,Virginia,G5101953,Wood,510,1953,40,1955,WOOD,Virginia,G5101953,2474832068.75585,2474832068.75585,2474832068.75585,1,1
1800,1800,Franklin,370,0690,47,690,FRANKLIN,North Carolina,G3700690,Franklin,370,0690,47,690,FRANKLIN,North Carolina,G3700690,1220306276.12312,1220306276.12312,1220306276.12312,1,1
1800,1800,Lee,510,1050,40,1050,LEE,Virginia,G5101050,Lee,510,1050,40,1050,LEE,Virginia,G5101050,1643365386.52283,1643365386.52283,1643365386.52283,1,1
1800,1800,Dutchess,360,0270,13,270,DUTCHESS,New York,G3600270,Dutchess,360,0270,13,270,DUTCHESS,New York,G3600270,2775480905.40671,2775480905.40671,2775480905.40671,1,1
1800,1800,York,420,1330,14,1330,YORK,Pennsylvania,G4201330,York,420,1330,14,1330,YORK,Pennsylvania,G4201330,2357546913.56621,2357546913.56621,2357546913.56621,1,1
1800,1800,Venango,420,1210,14,1210,VENANGO,Pennsylvania,G4201210,Venango,420,1210,14,1210,VENANGO,Pennsylvania,G4201210,3094276527.35834,3094276527.35834,3094276527.35834,1,1
1800,1800,Greene,470,0590,54,590,GREENE,Tennessee,G4700590,Greene,470,0590,54,590,GREENE,Tennessee,G4700590,1574683462.98542,1574683462.98542,1574683462.98542,1,1
1800,1800,Kent,240,0290,52,270,KENT,Maryland,G2400290,Kent,240,0290,52,270,KENT,Maryland,G2400290,739797916.36969,739797916.36969,739797916.36969,1,1
1800,1800,Pulaski,210,1990,51,1990,PULASKI,Kentucky,G2101990,Pulaski,210,1990,51,1990,PULASKI,Kentucky,G2101990,3223017389.36212,3223017389.36212,3223017389.36212,1,1
1800,1800,Cabarrus,370,0250,47,250,CABARRUS,North Carolina,G3700250,Cabarrus,370,0250,47,250,CABARRUS,North Carolina,G3700250,945303996.339204,945303996.339204,945303996.339204,1,1
1800,1800,Iredell,370,0970,47,970,IREDELL,North Carolina,G3700970,Iredell,370,0970,47,970,IREDELL,North Carolina,G3700970,1951781615.26551,1951781615.26551,1951781615.26551,1,1
1800,1800,Johnston,370,1010,47,1010,JOHNSTON,North Carolina,G3701010,Johnston,370,1010,47,1010,JOHNSTON,North Carolina,G3701010,2175517494.50964,2175517494.50964,2175517494.50964,1,1
1800,1800,Adams,385,0015,24,10,ADAMS,Northwest Territory,G3850015,Adams,385,0015,24,10,ADAMS,Northwest Territory,G3850015,4640100438.16842,4640100438.16842,4640100438.16842,1,1
1800,1800,Caroline,240,0110,52,90,CAROLINE,Maryland,G2400110,Caroline,240,0110,52,90,CAROLINE,Maryland,G2400110,835527164.077169,835527164.077169,835527164.077169,1,1
1800,1800,Russell,510,1670,40,1670,RUSSELL,Virginia,G5101670,Russell,510,1670,40,1670,RUSSELL,Virginia,G5101670,4230327308.06167,4230327308.06167,4230327308.06167,1,1
1800,1800,Henry,510,0890,40,890,HENRY,Virginia,G5100890,Henry,510,0890,40,890,HENRY,Virginia,G5100890,926628859.516266,926628859.516266,926628859.516266,1,1
1800,1800,Shelby,210,2110,51,2110,SHELBY,Kentucky,G2102110,Shelby,210,2110,51,2110,SHELBY,Kentucky,G2102110,1426293907.94483,1426293907.94483,1426293907.94483,1,1
1800,1800,Wake,370,1830,47,1830,WAKE,North Carolina,G3701830,Wake,370,1830,47,1830,WAKE,North Carolina,G3701830,2443285688.7187,2443285688.7187,2443285688.7187,1,1
1800,1800,Moore,370,1250,47,1250,MOORE,North Carolina,G3701250,Moore,370,1250,47,1250,MOORE,North Carolina,G3701250,2220760581.02495,2220760581.02495,2220760581.02495,1,1
1800,1800,Warren,210,2270,51,2270,WARREN,Kentucky,G2102270,Warren,210,2270,51,2270,WARREN,Kentucky,G2102270,2751177922.02162,2751177922.02162,2751177922.02162,1,1
1800,1800,Chowan,370,0410,47,410,CHOWAN,North Carolina,G3700410,Chowan,370,0410,47,410,CHOWAN,North Carolina,G3700410,448562018.059993,448562018.059993,448562018.059993,1,1
1800,1800,Henderson,210,1010,51,1010,HENDERSON,Kentucky,G2101010,Henderson,210,1010,51,1010,HENDERSON,Kentucky,G2101010,4219732942.17689,4219732942.17689,4219732942.17689,1,1
1800,1800,Essex,510,0570,40,570,ESSEX,Virginia,G5100570,Essex,510,0570,40,570,ESSEX,Virginia,G5100570,685739676.022895,685739676.022895,685739676.022895,1,1
1800,1800,Mcintosh,130,1910,44,1910,MCINTOSH,Georgia,G1301910,Mcintosh,130,1910,44,1910,MCINTOSH,Georgia,G1301910,1794165653.91784,1794165653.91784,1794165653.91784,1,1
1800,1800,Gates,370,0730,47,730,GATES,North Carolina,G3700730,Gates,370,0730,47,730,GATES,North Carolina,G3700730,893838902.77565,893838902.77565,893838902.77565,1,1
1800,1800,Philadelphia,420,1010,14,1010,PHILADELPHIA,Pennsylvania,G4201010,Philadelphia,420,1010,14,1010,PHILADELPHIA,Pennsylvania,G4201010,352680036.054273,352680036.054273,352680036.054273,1,1
1800,1800,Albemarle,510,0030,40,30,ALBEMARLE,Virginia,G5100030,Albemarle,510,0030,40,30,ALBEMARLE,Virginia,G5100030,1907381415.22889,1907381415.22889,1907381415.22889,1,1
1800,1800,Washington,130,3030,44,3030,WASHINGTON,Georgia,G1303030,Washington,130,3030,44,3030,WASHINGTON,Georgia,G1303030,2124398811.16874,2124398811.16874,2124398811.16874,1,1
1800,1800,Hamilton,385,0035,24,610,HAMILTON,Northwest Territory,G3850035,Hamilton,385,0035,24,610,HAMILTON,Northwest Territory,G3850035,17502257021.5581,17502257021.5581,17502257021.5581,1,1
1800,1800,Delaware,360,0250,13,250,DELAWARE,New York,G3600250,Delaware,360,0250,13,250,DELAWARE,New York,G3600250,3786524536.2023,3786524536.2023,3786524536.2023,1,1
1800,1800,Frederick,510,0690,40,690,FREDERICK,Virginia,G5100690,Frederick,510,0690,40,690,FREDERICK,Virginia,G5100690,1835083140.21847,1835083140.21847,1835083140.21847,1,1
1800,1800,Floyd,210,0710,51,710,FLOYD,Kentucky,G2100710,Floyd,210,0710,51,710,FLOYD,Kentucky,G2100710,9892145011.18748,9892145011.18748,9892145011.18748,1,1
1800,1800,Mifflin,420,0870,14,8010,MIFFLIN-CENTRE,Pennsylvania,G4200870,Mifflin,420,0870,14,8010,MIFFLIN-CENTRE,Pennsylvania,G4200870,5597952060.19069,5597952060.19069,5597952060.19069,1,1
1800,1800,Armstrong,420,0050,14,50,ARMSTRONG,Pennsylvania,G4200050,Armstrong,420,0050,14,50,ARMSTRONG,Pennsylvania,G4200050,2575985669.11491,2575985669.11491,2575985669.11491,1,1
1800,1800,Georgetown,450,0430,48,430,GEORGETOWN,South Carolina,G4500430,Georgetown,450,0430,48,430,GEORGETOWN,South Carolina,G4500430,8083271444.42279,8083271444.42279,8083271444.42279,1,1
1800,1800,Somerset,340,0350,12,350,SOMERSET,New Jersey,G3400350,Somerset,340,0350,12,350,SOMERSET,New Jersey,G3400350,826474182.537223,826474182.537223,826474182.537223,1,1
1800,1800,Richmond,370,1530,47,1530,RICHMOND,North Carolina,G3701530,Richmond,370,1530,47,1530,RICHMOND,North Carolina,G3701530,2072603931.87668,2072603931.87668,2072603931.87668,1,1
1800,1800,Sevier,470,1550,54,1550,SEVIER,Tennessee,G4701550,Sevier,470,1550,54,1550,SEVIER,Tennessee,G4701550,1330855928.79414,1330855928.79414,1330855928.79414,1,1
1800,1800,Newport,440,0050,5,50,NEWPORT,Rhode Island,G4400050,Newport,440,0050,5,50,NEWPORT,Rhode Island,G4400050,343838004.872407,343838004.872407,343838004.872407,1,1
1800,1800,Adams,285,0015,,,,Mississippi Territory,G2850015,Adams,285,0015,,,,Mississippi Territory,G2850015,5853526310.63496,5853526310.63496,5853526310.63496,1,1
1800,1800,Clark,210,0490,51,490,CLARK,Kentucky,G2100490,Clark,210,0490,51,490,CLARK,Kentucky,G2100490,1059031881.93912,1059031881.93912,1059031881.93912,1,1
1800,1800,Lincoln,370,1090,47,1090,LINCOLN,North Carolina,G3701090,Lincoln,370,1090,47,1090,LINCOLN,North Carolina,G3701090,3266767201.28557,3266767201.28557,3266767201.28557,1,1
1800,1800,Brooke,510,0237,40,245,BROOKE,Virginia,G5100237,Brooke,510,0237,40,245,BROOKE,Virginia,G5100237,467784524.166206,467784524.166206,467784524.166206,1,1
1800,1800,Kent,100,0010,11,10,KENT,Delaware,G1000010,Kent,100,0010,11,10,KENT,Delaware,G1000010,1525633963.43661,1525633963.43661,1525633963.43661,1,1
1800,1800,Kennebec,250,0155,2,110,KENNEBEC,Massachusetts,G2500155,Kennebec,250,0155,2,110,KENNEBEC,Massachusetts,G2500155,21525296517.4133,21525296517.4133,21525296517.4133,1,1
1800,1800,Logan,210,1410,51,1410,LOGAN,Kentucky,G2101410,Logan,210,1410,51,1410,LOGAN,Kentucky,G2101410,2627555576.81231,2627555576.81231,2627555576.81231,1,1
1800,1800,Grafton,330,0090,4,90,GRAFTON,New Hampshire,G3300090,Grafton,330,0090,4,90,GRAFTON,New Hampshire,G3300090,10222171000.9032,10222171000.9032,10222171000.9032,1,1
1800,1800,Henrico,510,0870,40,870,HENRICO,Virginia,G5100870,Henrico,510,0870,40,870,HENRICO,Virginia,G5100870,692242025.275255,692242025.275255,692242025.275255,1,1
